,Cloudiness,Humidity,Lat,Name,Temperature,Wind Speed
0,1,75,43.37,Coos Bay,46.4,9.17
1,0,26,-32.25,Dubbo,84.2,9.17
2,0,30,-42.88,Hobart,71.6,23.04
3,48,99,-46.6,Bluff,61.41,17.4
4,24,63,-35.72,Batemans Bay,72.93,4.32
5,0,77,-33.92,Port Elizabeth,66.2,32.21
6,90,94,-21.21,Avarua,77.0,4.7
7,92,96,-24.79,Castro,60.96,6.4
8,90,94,-10.71,Porto Nacional,77.0,5.82
9,88,88,-34.42,Hermanus,63.34,6.55
10,90,84,69.45,Tuktoyaktuk,6.8,17.22
11,90,67,42.1,Jamestown,22.41,9.17
12,88,98,-7.38,Kawalu,73.92,2.04
13,1,31,34.64,Lompoc,48.92,4.7
14,68,62,-12.04,Lima,59.38,1.74
15,48,99,-46.6,Bluff,61.41,17.4
16,90,100,-20.33,Vila Velha,73.4,17.22
17,1,53,36.41,Taos,20.16,4.05
18,90,94,22.08,Kapaa,71.96,6.93
19,88,88,-34.42,Hermanus,63.34,6.55
20,0,100,17.96,Lazaro Cardenas,69.15,2.82
21,64,66,50.72,Solnechnyy,-14.96,3.04
22,0,36,36.56,Baiyin,28.4,4.47
23,8,88,43.95,Pregradnaya,17.31,2.19
24,92,100,-23.12,Rikitea,75.31,12.1
25,20,86,-33.59,Port Alfred,69.78,23.67
26,90,58,42.65,Albany,28.96,4.7
27,0,82,-33.01,Saldanha,62.6,16.11
28,40,65,-20.52,Souillac,82.4,10.29
29,40,65,-20.52,Souillac,82.4,10.29
30,0,30,-42.78,New Norfolk,71.6,23.04
31,32,50,47.97,Ayagoz,27.66,4.38
32,64,97,19.58,Felipe Carrillo Puerto,71.44,5.39
33,24,66,51.18,Banff,-4.84,1.3
34,8,99,18.42,Road Town,80.49,19.6
35,88,94,-0.95,Luwuk,81.66,2.04
36,76,44,-10.36,Carira,85.26,7.63
37,75,84,62.46,Yellowknife,8.6,8.05
38,0,97,5.95,Matara,82.56,3.87
39,0,98,-22.45,Gobabis,59.88,4.83
40,56,77,-34.53,Bredasdorp,68.0,8.05
41,0,30,-42.88,Hobart,71.6,23.04
42,0,100,-0.74,Puerto Ayora,71.13,7.74
43,8,64,-43.3,Rawson,63.39,17.81
44,40,65,-20.41,Mahebourg,82.4,10.29
45,92,100,-23.12,Rikitea,75.31,12.1
46,8,100,-0.6,Hithadhoo,82.11,9.35
47,75,69,21.44,Ahuimanu,75.22,5.82
48,0,30,-42.88,Hobart,71.6,23.04
49,8,100,-0.6,Hithadhoo,82.11,9.35
50,20,86,-33.59,Port Alfred,69.78,23.67
51,20,73,20.89,Kahului,71.51,6.93
52,56,77,-34.53,Bredasdorp,68.0,8.05
53,90,68,45.02,Saint Anthony,30.97,9.17
54,90,97,35.78,Statesville,33.03,3.36
55,32,72,60.75,Haines Junction,13.53,2.08
56,0,80,-53.15,Punta Arenas,41.0,21.92
57,80,94,69.38,Leningradskiy,18.84,12.59
58,68,100,-9.8,Atuona,79.54,16.62
59,20,93,40.8,Eureka,45.64,12.75
60,90,65,-54.8,Ushuaia,44.6,25.28
61,8,100,-0.6,Hithadhoo,82.11,9.35
62,44,39,10.28,Birao,69.96,13.27
63,90,67,42.1,Jamestown,22.41,9.17
64,5,37,22.89,Cabo San Lucas,64.02,3.36
65,90,77,71.29,Barrow,-0.41,19.46
66,0,100,-33.02,East London,70.81,25.12
67,76,91,77.48,Qaanaaq,24.42,11.81
68,90,65,-54.8,Ushuaia,44.6,25.28
69,5,37,22.89,Cabo San Lucas,64.02,3.36
70,0,93,-29.95,Coquimbo,55.4,3.36
71,0,92,-6.93,Saposoa,72.03,1.36
72,80,100,39.47,Yamada,41.7,20.31
73,80,94,69.38,Leningradskiy,18.84,12.59
74,0,100,-0.74,Puerto Ayora,71.13,7.74
75,0,29,31.75,Taft,35.6,2.24
76,48,34,-43.53,Christchurch,80.6,6.93
77,0,32,71.97,Khatanga,-21.58,9.08
78,1,31,34.64,Lompoc,48.92,4.7
79,40,100,50.23,Havre-Saint-Pierre,19.4,6.93
80,90,94,22.08,Kapaa,71.96,6.93
81,90,83,55.74,Thompson,-4.01,2.24
82,75,84,53.6,Belyy Yar,5.0,3.09
83,90,94,22.08,Kapaa,71.96,6.93
84,92,96,-24.79,Castro,60.96,6.4
85,92,100,-23.12,Rikitea,75.31,12.1
86,80,82,72.79,Upernavik,33.33,14.45
87,90,58,42.65,Albany,28.96,4.7
88,20,93,-15.97,Jaciara,73.78,2.75
89,68,70,-33.65,Busselton,79.32,3.87
90,90,39,42.64,Pontiac,29.84,8.05
91,100,100,-22.97,Arraial do Cabo,70.36,11.1
92,75,84,62.46,Yellowknife,8.6,8.05
93,64,100,-21.2,Vaini,77.16,20.6
94,0,41,-22.28,Noumea,91.4,11.41
95,68,70,-33.65,Busselton,79.32,3.87
96,0,60,54.72,Athabasca,27.48,10.92
97,90,55,41.7,Warwick,35.15,3.36
98,64,100,-21.2,Vaini,77.16,20.6
99,56,77,-34.53,Bredasdorp,68.0,8.05
100,90,85,70.47,Clyde River,10.4,18.34
101,76,94,4.93,Cayenne,77.0,2.24
102,90,94,-21.21,Avarua,77.0,4.7
103,48,99,-46.6,Bluff,61.41,17.4
104,92,100,65.61,Tasiilaq,27.34,17.85
105,0,30,-42.88,Hobart,71.6,23.04
106,8,82,-24.87,Carnarvon,79.09,14.05
107,0,80,-53.15,Punta Arenas,41.0,21.92
108,0,90,22.24,Dwarka,77.79,11.25
109,20,99,-6.64,Sao Felix do Xingu,73.69,2.08
110,75,67,32.67,Ponta do Sol,62.6,8.05
111,8,100,32.38,Misratah,50.16,7.63
112,40,65,-20.34,Bambous Virieux,82.4,10.29
113,0,12,-20.73,Mount Isa,102.2,12.75
114,92,90,67.47,Tazovskiy,18.66,9.86
115,0,80,-53.15,Punta Arenas,41.0,21.92
116,90,58,42.65,Albany,28.96,4.7
117,68,65,67.45,Srednekolymsk,-8.21,3.6
118,0,100,-0.74,Puerto Ayora,71.13,7.74
119,20,58,-21.36,Saint-Philippe,82.29,4.7
120,80,94,-2.97,Rantepao,73.69,2.98
121,8,55,27.98,Guerrero Negro,60.96,13.27
122,90,94,22.08,Kapaa,71.96,6.93
123,0,30,-42.88,Hobart,71.6,23.04
124,0,80,-53.15,Punta Arenas,41.0,21.92
125,64,100,-9.88,Alta Floresta,72.75,2.37
126,48,99,-46.6,Bluff,61.41,17.4
127,0,100,-0.9,Puerto Baquerizo Moreno,72.3,10.13
128,68,70,-33.65,Busselton,79.32,3.87
129,0,82,-33.01,Saldanha,62.6,16.11
130,24,56,-35.35,Ulladulla,73.4,16.11
131,75,84,62.46,Yellowknife,8.6,8.05
132,20,88,-38.0,Mar del Plata,62.6,13.87
133,75,86,49.98,Wittlich,27.5,12.75
134,12,28,-33.87,Esperance,90.39,5.84
135,0,72,10.29,Gombe,58.26,4.76
136,90,65,-54.8,Ushuaia,44.6,25.28
137,36,62,-21.15,Mackay,84.2,12.75
138,68,70,-33.65,Busselton,79.32,3.87
139,20,39,35.73,Hasaki,48.2,5.82
140,0,86,-34.58,Junin,68.29,8.52
141,90,83,55.74,Thompson,-4.01,2.24
142,92,51,69.22,Ilulissat,37.4,28.86
143,20,88,-17.88,Quelimane,73.4,10.29
144,0,88,-13.7,Pisco,66.2,12.75
145,92,100,-3.02,Mushie,71.98,0.25
146,0,100,-33.02,East London,70.81,25.12
147,0,75,54.28,Scarborough,32.0,9.17
148,20,58,-21.36,Saint-Philippe,82.29,4.7
149,20,91,64.5,Nome,1.4,4.7
150,1,85,35.82,Humboldt,23.31,2.86
151,0,55,28.22,Khash,46.51,6.11
152,92,100,65.61,Tasiilaq,27.34,17.85
153,12,83,-23.86,Inhambane,78.46,7.11
154,75,50,41.14,Westport,35.29,3.36
155,40,65,-20.34,Bambous Virieux,82.4,10.29
156,40,93,38.8,Colares,57.97,5.82
157,8,100,18.8,Wanning,71.67,19.53
158,68,100,-9.8,Atuona,79.54,16.62
159,0,62,-35.12,Molina,59.0,3.36
160,75,68,41.12,North Platte,28.4,8.05
161,40,74,78.22,Longyearbyen,30.2,12.75
162,75,83,8.73,Varkkallai,82.4,5.82
163,92,100,-23.12,Rikitea,75.31,12.1
164,68,76,68.75,Cherskiy,-2.99,3.2
165,32,100,-37.62,Lebu,53.31,17.92
166,0,93,7.53,Bonthe,77.43,3.49
167,88,88,-34.42,Hermanus,63.34,6.55
168,76,91,77.48,Qaanaaq,24.42,11.81
169,68,100,-9.8,Atuona,79.54,16.62
170,75,93,-7.96,Santiago de Cao,64.4,6.93
171,40,100,38.2,Lixourion,44.6,14.56
172,90,62,18.77,Alvarado,59.0,23.04
173,0,38,-31.95,Broken Hill,77.56,11.92
174,5,37,22.89,Cabo San Lucas,64.02,3.36
175,92,100,-23.12,Rikitea,75.31,12.1
176,40,100,48.43,Victoria,36.79,4.7
177,32,79,-25.05,Yhu,71.53,3.04
178,90,93,57.79,Kodiak,39.2,12.75
179,90,85,63.75,Iqaluit,19.4,3.36
180,20,88,-17.88,Quelimane,73.4,10.29
181,75,100,47.67,Torbay,32.0,13.87
182,8,100,-0.6,Hithadhoo,82.11,9.35
183,20,88,-38.0,Mar del Plata,62.6,13.87
184,75,100,40.2,Noshiro,33.03,17.22
185,0,100,-0.74,Puerto Ayora,71.13,7.74
186,75,84,62.46,Yellowknife,8.6,8.05
187,88,68,54.83,Shumskiy,20.46,3.2
188,20,82,-33.93,Cape Town,64.4,25.28
189,64,100,-21.2,Vaini,77.16,20.6
190,88,88,-34.42,Hermanus,63.34,6.55
191,20,91,64.5,Nome,1.4,4.7
192,0,92,46.82,Chateauroux,30.2,9.17
193,90,65,-54.8,Ushuaia,44.6,25.28
194,90,76,-45.58,Coihaique,48.97,4.7
195,90,94,-21.21,Avarua,77.0,4.7
196,56,77,-34.53,Bredasdorp,68.0,8.05
197,20,88,-38.0,Mar del Plata,62.6,13.87
198,64,69,70.63,Chokurdakh,-4.61,10.31
199,48,99,-46.6,Bluff,61.41,17.4
200,90,65,-54.8,Ushuaia,44.6,25.28
201,0,100,64.38,Provideniya,21.18,19.71
202,0,62,-33.73,Buin,59.0,8.05
203,90,83,55.74,Thompson,-4.01,2.24
204,0,100,-0.74,Puerto Ayora,71.13,7.74
205,76,72,-37.83,Mount Gambier,65.46,7.11
206,92,38,60.72,Qaqortoq,42.8,50.55
207,40,74,-5.32,Galesong,86.0,4.7
208,92,100,65.61,Tasiilaq,27.34,17.85
209,0,30,-42.88,Hobart,71.6,23.04
210,0,77,-33.92,Port Elizabeth,66.2,32.21
211,88,86,65.42,Maniitsoq,35.31,11.81
212,90,76,-45.58,Coihaique,48.97,4.7
213,0,89,-0.98,Tena,53.94,4.38
214,90,65,-54.8,Ushuaia,44.6,25.28
215,20,86,-33.59,Port Alfred,69.78,23.67
216,64,100,-21.2,Vaini,77.16,20.6
217,75,85,65.28,Norman Wells,19.4,4.7
218,0,80,-53.15,Punta Arenas,41.0,21.92
219,0,88,-8.76,Porto Velho,77.0,2.24
220,44,50,48.1,Mukhen,-3.62,3.6
221,68,100,-9.8,Atuona,79.54,16.62
222,90,94,22.08,Kapaa,71.96,6.93
223,92,100,-23.12,Rikitea,75.31,12.1
224,68,84,6.8,Georgetown,77.56,4.61
225,90,58,42.65,Albany,28.96,4.7
226,40,74,78.22,Longyearbyen,30.2,12.75
227,0,40,4.05,Mega,67.03,11.65
228,56,92,68.05,Ostrovnoy,10.29,13.78
229,0,80,-53.15,Punta Arenas,41.0,21.92
230,24,100,19.22,San Patricio,62.44,2.08
231,1,54,38.88,Hays,33.89,9.17
232,5,37,22.89,Cabo San Lucas,64.02,3.36
233,20,39,35.13,Katsuura,48.2,8.05
234,92,100,-23.12,Rikitea,75.31,12.1
235,20,80,55.46,Ayr,31.84,4.7
236,68,70,-33.65,Busselton,79.32,3.87
237,0,80,-53.15,Punta Arenas,41.0,21.92
238,0,100,-33.02,East London,70.81,25.12
239,0,73,33.34,Baghdad,35.6,5.82
240,0,82,-33.01,Saldanha,62.6,16.11
241,48,99,-46.6,Bluff,61.41,17.4
242,0,80,-53.15,Punta Arenas,41.0,21.92
243,0,11,-23.7,Alice Springs,87.8,13.87
244,20,86,-33.59,Port Alfred,69.78,23.67
245,90,85,70.47,Clyde River,10.4,18.34
246,0,43,27.52,Mangan,44.98,1.36
247,90,93,19.73,Hilo,63.55,8.12
248,0,80,-53.15,Punta Arenas,41.0,21.92
249,80,92,63.18,Ostersund,28.4,4.7
250,36,51,35.17,Nador,51.46,6.93
251,68,98,52.63,Svetlogorsk,30.54,9.64
252,75,69,17.02,Porto Novo,75.2,11.41
253,68,100,-9.8,Atuona,79.54,16.62
254,100,100,-22.97,Arraial do Cabo,70.36,11.1
255,92,100,-17.71,Caravelas,75.58,25.41
256,0,93,7.53,Bonthe,77.43,3.49
257,24,93,5.35,Hobyo,77.56,20.54
258,56,75,63.37,Blagoyevo,11.82,3.31
259,56,77,-34.53,Bredasdorp,68.0,8.05
260,56,75,15.44,Palauig,85.08,3.6
261,75,70,-12.49,Palmerston,89.6,11.41
262,90,67,42.1,Jamestown,22.41,9.17
263,0,89,5.81,Ugep,73.33,3.31
264,90,94,22.08,Kapaa,71.96,6.93
265,32,94,-26.65,Luderitz,60.64,13.15
266,75,84,62.46,Yellowknife,8.6,8.05
267,0,100,-33.02,East London,70.81,25.12
268,0,77,-33.92,Port Elizabeth,66.2,32.21
269,92,96,-24.79,Castro,60.96,6.4
270,32,100,-37.62,Lebu,53.31,17.92
271,0,80,-53.15,Punta Arenas,41.0,21.92
272,75,70,-2.02,Lorengau,89.6,9.17
273,92,94,-5.2,Touros,77.7,7.07
274,40,65,-20.34,Bambous Virieux,82.4,10.29
275,68,100,-9.8,Atuona,79.54,16.62
276,20,62,7.89,Phuket,86.76,4.7
277,90,80,46.99,Lepseny,33.8,9.17
278,92,73,20.47,Yenangyaung,74.55,8.01
279,90,65,-54.8,Ushuaia,44.6,25.28
280,90,25,38.09,Lamar,41.0,9.17
281,0,80,-53.15,Punta Arenas,41.0,21.92
282,88,100,1.74,Sibolga,74.41,2.08
283,68,87,53.72,Nikolsk,11.64,3.38
284,40,71,38.02,Trapani,56.3,20.8
285,90,93,19.73,Hilo,63.55,8.12
286,0,30,-42.78,New Norfolk,71.6,23.04
287,32,100,73.51,Dikson,-0.43,26.69
288,44,65,-19.06,Alofi,82.4,5.82
289,0,30,-42.88,Hobart,71.6,23.04
290,92,97,-9.86,Soe,74.68,0.85
291,90,65,-54.8,Ushuaia,44.6,25.28
292,0,77,-33.92,Port Elizabeth,66.2,32.21
293,90,65,-54.8,Ushuaia,44.6,25.28
294,44,77,52.27,Klyuchi,11.19,3.83
295,0,74,39.26,Muborak,43.18,16.8
296,64,37,-15.77,Kununurra,100.4,11.41
297,20,82,-33.93,Cape Town,64.4,25.28
298,32,100,73.51,Dikson,-0.43,26.69
299,0,46,16.7,Devarkonda,85.71,10.76
300,1,79,40.11,Anderson,22.26,8.05
301,90,58,42.65,Albany,28.96,4.7
302,90,94,22.08,Kapaa,71.96,6.93
303,76,100,3.07,Butaritari,82.56,12.15
304,68,89,16.45,La Trinidad,78.24,2.71
305,64,92,-14.78,Kaoma,69.51,3.27
306,0,88,-40.81,Viedma,61.14,11.36
307,68,70,-33.65,Busselton,79.32,3.87
308,75,45,31.46,Kushima,50.5,11.41
309,0,80,-53.15,Punta Arenas,41.0,21.92
310,0,92,35.31,Sanandaj,23.0,4.7
311,92,100,70.98,Honningsvag,25.18,22.44
312,90,74,39.46,Martinsburg,32.58,1.59
313,90,94,-21.21,Avarua,77.0,4.7
314,1,55,39.61,Fernley,26.08,2.08
315,64,100,19.28,Bodden Town,80.26,15.95
316,90,65,-54.8,Ushuaia,44.6,25.28
317,92,96,-24.79,Castro,60.96,6.4
318,64,69,70.63,Chokurdakh,-4.61,10.31
319,0,80,-53.15,Punta Arenas,41.0,21.92
320,90,92,43.83,Rexburg,12.13,2.3
321,68,100,-9.8,Atuona,79.54,16.62
322,90,65,-54.8,Ushuaia,44.6,25.28
323,64,100,5.38,Sinnamary,77.16,7.34
324,20,88,-38.0,Mar del Plata,62.6,13.87
325,90,84,69.45,Tuktoyaktuk,6.8,17.22
326,90,65,-54.8,Ushuaia,44.6,25.28
327,40,65,-20.41,Mahebourg,82.4,10.29
328,90,67,42.1,Jamestown,22.41,9.17
329,8,82,-24.87,Carnarvon,79.09,14.05
330,90,67,42.1,Jamestown,22.41,9.17
331,90,58,42.65,Albany,28.96,4.7
332,90,65,-54.8,Ushuaia,44.6,25.28
333,24,93,5.35,Hobyo,77.56,20.54
334,90,67,42.1,Jamestown,22.41,9.17
335,90,95,37.67,Glen Allen,32.0,8.05
336,0,97,5.97,Weligama,82.56,3.87
337,0,80,-53.15,Punta Arenas,41.0,21.92
338,75,89,47.6,Bay Roberts,32.0,13.87
339,48,68,62.23,Klaksvik,30.2,28.86
340,0,39,29.04,Yining,51.69,3.27
341,20,82,-33.93,Cape Town,64.4,25.28
342,1,35,34.35,Santa Paula,59.76,5.39
343,0,100,-33.02,East London,70.81,25.12
344,0,30,-42.78,New Norfolk,71.6,23.04
345,88,100,5.89,Sabang,78.6,7.78
346,75,84,62.46,Yellowknife,8.6,8.05
347,20,83,13.07,Oistins,78.8,16.11
348,0,80,-53.15,Punta Arenas,41.0,21.92
349,90,94,22.08,Kapaa,71.96,6.93
350,90,85,63.75,Iqaluit,19.4,3.36
351,40,74,78.22,Longyearbyen,30.2,12.75
352,32,66,-17.97,Broome,91.4,13.87
353,75,84,62.46,Yellowknife,8.6,8.05
354,32,94,-26.65,Luderitz,60.64,13.15
355,75,85,65.28,Norman Wells,19.4,4.7
356,64,95,-38.55,Necochea,64.47,8.63
357,0,30,-42.78,New Norfolk,71.6,23.04
358,56,77,-34.53,Bredasdorp,68.0,8.05
359,68,84,6.8,Georgetown,77.56,4.61
360,68,100,-9.8,Atuona,79.54,16.62
361,90,65,-54.8,Ushuaia,44.6,25.28
362,0,96,39.05,Lagoa,67.08,15.12
363,75,76,40.63,Sorrento,57.2,17.22
364,0,30,-42.88,Hobart,71.6,23.04
365,32,100,73.51,Dikson,-0.43,26.69
366,64,100,-21.2,Vaini,77.16,20.6
367,92,100,-23.12,Rikitea,75.31,12.1
368,8,100,-10.45,Kirakira,84.36,9.53
369,90,67,42.1,Jamestown,22.41,9.17
370,8,56,-34.68,Kiama,73.4,16.11
371,8,82,-24.87,Carnarvon,79.09,14.05
372,0,80,-53.15,Punta Arenas,41.0,21.92
373,0,41,42.8,Hami,33.28,4.72
374,68,70,-33.65,Busselton,79.32,3.87
375,8,40,-28.77,Geraldton,89.6,17.22
376,20,86,-33.59,Port Alfred,69.78,23.67
377,64,69,70.63,Chokurdakh,-4.61,10.31
378,64,69,70.63,Chokurdakh,-4.61,10.31
379,0,96,39.05,Lagoa,67.08,15.12
380,1,92,32.3,Jackson,31.53,6.4
381,0,64,-25.3,Asuncion,75.2,2.75
382,8,98,12.22,Alugan,83.41,0.96
383,90,58,42.65,Albany,28.96,4.7
384,20,57,26.77,Udalguri,69.28,2.3
385,12,83,-23.86,Inhambane,78.46,7.11
386,90,67,42.1,Jamestown,22.41,9.17
387,75,70,-2.02,Lorengau,89.6,9.17
388,68,70,-33.65,Busselton,79.32,3.87
389,76,91,77.48,Qaanaaq,24.42,11.81
390,76,92,-17.07,Ondjiva,67.98,9.24
391,92,96,-6.83,Kilosa,70.86,2.71
392,88,100,4.38,Harper,79.09,8.52
393,8,82,-24.87,Carnarvon,79.09,14.05
394,92,100,-23.12,Rikitea,75.31,12.1
395,90,58,42.65,Albany,28.96,4.7
396,90,65,-54.8,Ushuaia,44.6,25.28
397,0,30,-42.88,Hobart,71.6,23.04
398,44,100,61.47,Vagur,40.08,33.96
399,90,83,55.74,Thompson,-4.01,2.24
400,0,93,7.53,Bonthe,77.43,3.49
401,90,39,42.59,Clinton,29.79,8.05
402,44,100,-10.62,Samarai,84.27,11.03
403,90,85,70.47,Clyde River,10.4,18.34
404,75,61,-28.65,Byron Bay,80.6,20.8
405,90,85,70.47,Clyde River,10.4,18.34
406,56,97,6.46,Bibiani,71.85,4.54
407,36,62,-21.15,Mackay,84.2,12.75
408,56,100,11.28,Bubaque,76.62,17.13
409,92,100,-23.12,Rikitea,75.31,12.1
410,8,65,-20.37,Khorixas,71.44,7.11
411,92,96,-16.48,Faanui,83.41,12.59
412,12,91,20.7,Ixtapa,59.16,2.48
413,20,82,37.72,Vila Franca do Campo,66.2,8.05
414,75,100,61.56,Ylojarvi,35.6,13.87
415,0,95,38.52,Ribeira Grande,67.35,14.9
416,0,62,16.15,Wagar,74.82,12.44
417,68,85,8.0,Marawi,76.98,3.09
418,48,99,-46.6,Bluff,61.41,17.4
419,75,85,65.28,Norman Wells,19.4,4.7
420,92,100,-23.12,Rikitea,75.31,12.1
421,75,100,64.84,Fairbanks,21.24,3.38
422,20,33,36.95,Suozhen,48.99,3.87
423,80,93,66.15,Pangnirtung,20.1,5.73
424,0,62,16.15,Wagar,74.82,12.44
425,44,100,5.2,Bireun,79.14,6.4
426,0,100,-0.74,Puerto Ayora,71.13,7.74
427,0,92,39.92,Elmadag,23.0,3.09
428,1,69,31.37,Praxedis Guerrero,36.73,9.17
429,90,100,33.69,Myrtle Beach,38.59,8.05
430,40,100,48.43,Victoria,36.79,4.7
431,20,83,-7.47,Pitimbu,77.0,5.82
432,76,87,66.32,Egvekinot,15.6,6.89
433,64,100,-21.2,Vaini,77.16,20.6
434,88,92,67.86,Kiruna,21.2,6.93
435,90,65,-54.8,Ushuaia,44.6,25.28
436,100,100,-22.97,Arraial do Cabo,70.36,11.1
437,12,83,25.52,Tura,72.39,2.86
438,40,74,78.22,Longyearbyen,30.2,12.75
439,0,37,17.02,Salalah,69.8,18.34
440,0,49,-38.95,Neuquen,68.0,12.75
441,40,65,-20.34,Bambous Virieux,82.4,10.29
442,90,92,44.92,Aurillac,27.52,2.24
443,56,77,-34.53,Bredasdorp,68.0,8.05
444,92,100,-23.12,Rikitea,75.31,12.1
445,90,64,39.41,Perry Hall,36.19,2.82
446,68,70,-33.65,Busselton,79.32,3.87
447,68,100,50.68,Severo-Kurilsk,31.35,13.67
448,90,64,53.05,Petropavlovsk-Kamchatskiy,37.4,22.37
449,90,77,71.29,Barrow,-0.41,19.46
450,0,37,17.02,Salalah,69.8,18.34
451,90,94,22.08,Kapaa,71.96,6.93
452,44,84,69.7,Pevek,9.66,10.92
453,48,68,62.23,Klaksvik,30.2,28.86
454,68,70,-33.65,Busselton,79.32,3.87
455,0,96,-32.03,Rio Grande,64.2,10.31
456,0,30,-42.88,Hobart,71.6,23.04
457,76,89,-4.27,El Alto,71.04,4.76
458,75,75,57.37,Valdemarpils,41.0,13.87
459,32,100,73.51,Dikson,-0.43,26.69
460,64,100,-9.88,Alta Floresta,72.75,2.37
461,44,65,71.92,Saskylakh,-7.94,6.85
462,92,100,-23.12,Rikitea,75.31,12.1
463,0,30,-42.88,Hobart,71.6,23.04
464,90,94,-21.21,Avarua,77.0,4.7
465,92,93,48.38,Plouzane,37.83,1.12
466,1,23,37.1,Saint George,48.2,6.93
467,92,74,12.15,Kralendijk,82.4,17.22
468,8,82,-24.87,Carnarvon,79.09,14.05
469,12,99,-38.72,Bahia Blanca,61.59,6.06
470,75,50,41.37,Bethel,33.4,3.36
471,68,76,68.75,Cherskiy,-2.99,3.2
472,92,100,-23.12,Rikitea,75.31,12.1
473,75,84,62.46,Yellowknife,8.6,8.05
474,92,94,-5.2,Touros,77.7,7.07
475,0,86,50.39,Rouvroy,29.05,12.75
476,20,82,-33.93,Cape Town,64.4,25.28
477,75,85,65.28,Norman Wells,19.4,4.7
478,64,100,-21.2,Vaini,77.16,20.6
479,90,94,-21.21,Avarua,77.0,4.7
480,0,30,-42.78,New Norfolk,71.6,23.04
481,64,100,-21.2,Vaini,77.16,20.6
482,0,100,64.38,Provideniya,21.18,19.71
483,90,93,19.73,Hilo,63.55,8.12
484,68,76,68.75,Cherskiy,-2.99,3.2
485,92,100,-23.12,Rikitea,75.31,12.1
486,56,76,71.69,Tiksi,-11.59,2.86
487,80,95,6.8,Wattegama,80.4,3.38
488,68,100,-9.8,Atuona,79.54,16.62
489,48,83,68.05,Bilibino,-9.74,2.48
490,44,59,42.54,Helong,20.64,5.61
491,90,63,42.65,Albany,28.4,2.53
492,90,94,-21.21,Avarua,77.0,4.7
493,0,30,-20.74,Karratha,100.78,11.14
494,92,96,-16.48,Faanui,83.41,12.59
495,88,48,-45.87,Dunedin,73.51,8.23
496,20,83,-7.47,Pitimbu,77.0,5.82
497,68,100,-9.8,Atuona,79.54,16.62
498,0,13,-25.24,Yulara,89.6,18.34
499,48,99,-46.6,Bluff,61.41,17.4
500,0,56,15.25,Mulgund,82.24,9.35
501,1,74,48.15,Williston,26.64,9.17
502,24,44,30.92,Chaman,48.45,3.76
503,88,89,8.41,Planeta Rica,75.49,5.99
504,90,65,-54.8,Ushuaia,44.6,25.28
505,68,70,-33.65,Busselton,79.32,3.87
506,56,77,-34.53,Bredasdorp,68.0,8.05
507,40,73,42.1,Jamestown,20.61,10.29
508,68,84,6.8,Georgetown,77.56,4.61
509,92,90,54.46,Zverinogolovskoye,24.42,9.31
510,68,66,65.75,Zyryanka,-8.62,4.27
511,0,49,63.92,Sangar,-30.13,1.7
512,90,94,22.2,Bandarban,75.2,2.98
513,0,49,63.92,Sangar,-30.13,1.7
514,92,100,-23.12,Rikitea,75.31,12.1
515,0,77,-33.92,Port Elizabeth,66.2,32.21
516,64,100,-21.2,Vaini,77.16,20.6
517,0,100,65.58,Lavrentiya,24.01,27.76
518,75,84,71.29,Barrow,-2.21,21.92
519,20,39,35.73,Hasaki,48.2,5.82
520,80,94,69.38,Leningradskiy,18.84,12.59
521,32,94,-26.65,Luderitz,60.64,13.15
522,90,100,29.6,Houma,35.55,6.93
523,100,92,-10.61,Livingstonia,73.2,2.71
524,75,87,39.89,Mao,48.2,11.41
525,90,63,42.65,Albany,28.4,2.53
526,75,93,63.73,Sistranda,39.2,25.28
527,20,82,-33.93,Cape Town,64.4,25.28
528,20,86,-33.59,Port Alfred,69.78,23.67
529,80,100,66.94,Sisimiut,26.49,2.3
530,0,30,-42.78,New Norfolk,71.6,23.04
531,90,100,-0.31,Kalangala,66.2,6.93
532,44,84,69.7,Pevek,9.66,10.92
533,90,94,22.08,Kapaa,71.98,6.93
534,12,75,34.17,Leh,-13.57,0.85
535,76,100,3.07,Butaritari,82.56,12.15
536,1,75,43.37,Coos Bay,44.6,8.05
537,0,88,-13.7,Pisco,66.2,12.75
538,68,62,-11.85,Santa Eulalia,59.38,1.74
539,0,80,-53.15,Punta Arenas,41.0,21.92
540,0,93,-29.95,Coquimbo,55.4,3.36
541,75,69,17.02,Porto Novo,75.2,11.41
542,76,91,77.48,Qaanaaq,24.42,11.81
543,92,100,-6.22,Kieta,78.91,4.61
544,0,100,-19.55,Isangel,78.69,9.91
545,90,93,19.73,Hilo,63.55,8.12
546,20,82,37.73,Ponta Delgada,66.2,8.05
547,8,100,-0.6,Hithadhoo,82.11,9.35
548,88,88,-34.42,Hermanus,63.34,6.55
549,0,37,17.02,Salalah,69.8,18.34
550,0,63,33.98,Kashan,30.2,4.32
551,0,86,43.06,Oktyabrskoye,31.21,2.08
552,88,84,60.14,Nanortalik,35.76,31.38
553,44,65,-19.06,Alofi,82.4,5.82
554,20,93,40.6,Fortuna,45.77,12.75
555,32,100,73.51,Dikson,-0.43,26.69
556,40,61,34.67,Mehtar Lam,50.0,1.86
557,0,65,26.33,Buraydah,41.0,3.36
558,0,30,-42.88,Hobart,71.6,23.04
559,8,70,-26.62,San Vicente,71.13,3.27
560,0,70,29.85,Dharchula,45.61,0.58
561,90,63,42.65,Albany,28.4,2.53
562,90,65,-54.8,Ushuaia,44.6,25.28
563,0,49,59.7,Arman,3.2,8.95
564,8,86,53.13,Tokur,-21.62,2.19
565,0,77,-33.92,Port Elizabeth,66.2,32.21
566,0,95,38.52,Ribeira Grande,67.35,14.9
567,20,74,-7.21,Araripe,72.75,11.03
568,0,100,-0.74,Puerto Ayora,71.13,7.74
569,90,65,-54.8,Ushuaia,44.6,25.28
570,92,100,-23.12,Rikitea,75.31,12.1
571,92,100,-23.12,Rikitea,75.31,12.1
572,40,65,-20.34,Bambous Virieux,82.4,10.29
573,0,100,65.58,Lavrentiya,24.01,27.76
574,90,63,42.65,Albany,28.4,2.53
575,90,63,42.65,Albany,28.4,2.53
576,92,100,-23.12,Rikitea,75.31,12.1
577,92,100,-23.12,Rikitea,75.31,12.1
578,1,86,51.07,Salisbury,29.59,3.36
579,12,50,-33.48,Lithgow,77.0,5.82
580,64,69,70.63,Chokurdakh,-4.61,10.31
581,20,86,-33.59,Port Alfred,69.78,23.67
582,44,84,69.7,Pevek,9.66,10.92
583,56,92,68.05,Ostrovnoy,10.29,13.78
584,0,80,52.23,Warsaw,33.8,4.7
585,0,37,17.02,Salalah,69.8,18.34
586,88,88,-34.42,Hermanus,63.34,6.55
587,0,37,10.7,Bure,65.01,3.83
588,90,65,-54.8,Ushuaia,44.6,25.28
589,90,65,-54.8,Ushuaia,44.6,25.28
590,80,100,59.38,Okhotsk,9.34,6.11
591,88,88,-34.42,Hermanus,63.34,6.55
592,12,62,46.68,Baruun-Urt,22.93,14.56
593,0,30,-42.88,Hobart,71.6,23.04
594,75,84,71.29,Barrow,-2.21,21.92
595,90,100,62.78,Hjelset,37.4,20.8
596,20,88,-38.0,Mar del Plata,62.6,13.87
597,64,72,38.55,Kula,24.24,2.37
598,56,75,60.42,Ust-Maya,-37.87,3.76
599,75,83,-9.43,Honiara,82.4,6.93
600,92,100,65.61,Tasiilaq,27.34,17.85
601,75,84,71.29,Barrow,-2.21,21.92
602,8,100,-0.6,Hithadhoo,82.11,9.35
603,56,76,71.69,Tiksi,-11.59,2.86
604,12,28,-33.87,Esperance,90.39,5.84
605,90,80,29.85,Estelle,36.43,19.46
606,90,92,65.97,Kuusamo,19.4,9.17
607,40,65,-17.73,Tautira,82.4,13.87
608,68,84,6.8,Georgetown,77.56,4.61
609,0,100,64.25,Hofn,28.83,3.76
610,92,100,-23.12,Rikitea,75.31,12.1
611,75,63,32.67,Ponta do Sol,62.6,9.17
612,12,28,-33.87,Esperance,90.39,5.84
613,75,85,65.28,Norman Wells,19.4,4.7
614,68,70,-33.65,Busselton,79.32,3.87
615,0,95,-35.33,Constitucion,52.23,8.63
616,64,100,5.38,Sinnamary,77.16,7.34
617,68,76,68.75,Cherskiy,-2.99,3.2
618,68,100,-9.8,Atuona,79.54,16.62
619,64,100,-21.2,Vaini,77.16,20.6
620,92,100,-23.12,Rikitea,75.31,12.1
621,0,100,-19.55,Isangel,78.69,9.91
622,1,79,40.97,Winnemucca,19.4,4.7
623,68,70,-33.65,Busselton,79.32,3.87
624,0,51,4.85,Juba,76.53,4.83
625,0,30,-42.78,New Norfolk,71.6,23.04
626,0,80,-53.15,Punta Arenas,41.0,21.92
627,0,80,-53.15,Punta Arenas,41.0,21.92
628,90,63,42.65,Albany,28.4,2.53
629,90,63,42.65,Albany,28.4,2.53
630,20,86,-33.59,Port Alfred,69.78,23.67
631,0,32,71.97,Khatanga,-21.58,9.08
632,0,77,-33.92,Port Elizabeth,66.2,32.21
633,0,65,26.33,Buraydah,41.0,3.36
634,48,99,-46.6,Bluff,61.41,17.4
635,36,91,-13.46,Kasempa,68.88,5.39
636,90,100,-20.33,Vila Velha,73.4,17.22
637,44,65,71.92,Saskylakh,-7.94,6.85
638,68,70,-33.65,Busselton,79.32,3.87
639,92,100,-23.12,Rikitea,75.31,12.1
640,92,100,-23.12,Rikitea,75.31,12.1
641,90,93,19.73,Hilo,63.55,8.12
642,68,100,50.68,Severo-Kurilsk,31.35,13.67
643,20,39,35.13,Katsuura,48.2,8.05
644,20,82,-33.93,Cape Town,64.4,25.28
645,0,57,62.72,Namtsy,-32.47,4.38
646,92,100,-23.12,Rikitea,75.31,12.1
647,76,88,-33.7,Chuy,66.0,11.65
648,68,100,-6.88,Labuhan,84.04,6.06
649,56,100,-20.23,Poum,78.78,12.55
650,90,93,19.73,Hilo,63.55,8.12
651,20,86,-33.59,Port Alfred,69.78,23.67
652,8,32,-43.25,Trelew,63.75,18.07
653,92,100,-23.12,Rikitea,75.31,12.1
654,40,65,-20.21,Quatre Cocos,82.4,10.29
655,92,100,-23.12,Rikitea,75.31,12.1
656,90,63,42.65,Albany,28.4,2.53
657,0,100,65.58,Lavrentiya,24.01,27.76
658,0,80,-53.15,Punta Arenas,41.0,21.92
659,92,88,-13.44,Porangatu,74.23,5.06
660,90,93,19.73,Hilo,63.55,8.12
661,92,100,-23.12,Rikitea,75.31,12.1
662,76,100,-12.26,Domoni,80.98,17.63
663,68,70,-33.65,Busselton,79.32,3.87
664,76,91,77.48,Qaanaaq,24.42,11.81
665,12,83,25.52,Tura,72.39,2.86
666,68,93,-35.62,Ngunguru,67.53,12.77
667,20,86,-33.59,Port Alfred,69.78,23.67
668,0,64,50.6,Kungurtug,10.65,2.82
669,68,82,-11.74,Mwinilunga,70.09,3.31
670,90,65,-54.8,Ushuaia,44.6,25.28
671,90,93,57.79,Kodiak,39.2,10.29
672,90,93,19.73,Hilo,63.55,8.12
673,76,100,0.05,Mbandaka,74.19,3.09
674,64,100,-21.2,Vaini,77.16,20.6
675,40,82,31.42,Damietta,57.2,4.7
676,56,77,-34.53,Bredasdorp,68.0,8.05
677,64,100,-21.2,Vaini,77.16,20.6
678,36,97,-8.76,Tamandare,74.37,12.37
679,90,65,-54.8,Ushuaia,44.6,25.28
680,40,69,7.77,San Cristobal,78.8,4.7
681,0,84,27.73,Xiangxiang,52.54,6.29
682,0,77,-33.92,Port Elizabeth,66.2,32.21
683,1,69,45.52,Portland,34.48,8.05
684,90,63,42.65,Albany,28.4,2.53
685,0,32,71.97,Khatanga,-21.58,9.08
686,36,62,-21.15,Mackay,84.2,12.75
687,20,86,-33.59,Port Alfred,69.78,23.67
688,20,100,44.39,Kochubey,32.16,6.4
689,90,65,-54.8,Ushuaia,44.6,25.28
690,80,93,66.15,Pangnirtung,20.1,5.73
691,75,94,5.88,Buchanan,77.0,5.82
692,100,97,-7.61,Uige,69.78,2.98
693,0,80,-53.15,Punta Arenas,41.0,21.92
694,92,100,-23.12,Rikitea,75.31,12.1
695,12,98,21.46,Cockburn Town,80.08,22.17
696,100,100,-22.97,Arraial do Cabo,70.36,11.1
697,100,100,-22.97,Arraial do Cabo,70.36,11.1
698,40,65,-20.52,Souillac,82.4,10.29
699,88,99,-5.55,Kimbe,84.36,5.39
700,92,100,-23.12,Rikitea,75.31,12.1
701,68,84,6.8,Georgetown,77.56,4.61
702,0,30,-42.78,New Norfolk,71.6,23.04
703,64,66,50.72,Solnechnyy,-14.96,3.04
704,0,30,-42.78,New Norfolk,71.6,23.04
705,76,71,32.44,Guangyuan,43.05,2.82
706,8,74,29.16,Waddan,29.68,2.75
707,90,94,-21.21,Avarua,77.0,4.7
708,90,63,42.65,Albany,28.4,2.53
709,20,83,13.22,Bathsheba,78.8,16.11
710,75,70,-2.02,Lorengau,89.6,9.17
711,1,79,40.42,Susanville,26.6,3.36
712,68,100,-6.88,Labuhan,84.04,6.06
713,64,100,-3.8,Bengkulu,82.96,5.5
714,75,84,71.29,Barrow,-2.21,21.92
715,80,82,72.79,Upernavik,33.33,14.45
716,90,65,-54.8,Ushuaia,44.6,25.28
717,100,100,-22.97,Arraial do Cabo,70.36,11.1
718,12,96,51.59,Newport,32.16,10.29
719,90,63,42.65,Albany,28.4,2.53
720,8,100,-0.6,Hithadhoo,82.11,9.35
721,90,94,-21.21,Avarua,77.0,4.7
722,0,100,-0.74,Puerto Ayora,71.13,7.74
723,64,100,-3.8,Bengkulu,82.96,5.5
724,32,100,73.51,Dikson,-0.43,26.69
725,68,100,-9.8,Atuona,79.54,16.62
726,36,75,41.76,Korla,25.23,4.27
727,32,100,73.51,Dikson,-0.43,26.69
728,44,81,54.77,Flin Flon,7.86,2.48
729,92,100,-23.12,Rikitea,75.31,12.1
730,20,82,-33.93,Cape Town,64.4,25.28
731,0,95,38.52,Ribeira Grande,67.35,14.9
732,90,94,-21.21,Avarua,77.0,4.7
733,68,100,-9.8,Atuona,79.54,16.62
734,64,100,-21.2,Vaini,77.16,20.6
735,8,100,-0.6,Hithadhoo,82.11,9.35
736,0,100,-19.55,Isangel,78.69,9.91
737,92,100,-23.12,Rikitea,75.31,12.1
738,12,84,-41.87,Ancud,44.31,3.27
739,0,80,-53.15,Punta Arenas,41.0,21.92
740,0,30,-42.78,New Norfolk,71.6,23.04
741,32,92,-18.51,Coxim,71.94,2.75
742,80,96,-2.65,Gamba,75.54,4.5
743,48,99,-46.6,Bluff,61.41,17.4
744,0,95,38.52,Ribeira Grande,67.35,14.9
745,88,72,-16.78,Tsaratanana,76.26,3.76
746,80,94,69.38,Leningradskiy,18.84,12.59
747,8,98,12.18,San Policarpo,83.41,0.96
748,40,73,42.1,Jamestown,20.61,10.29
749,90,83,55.74,Thompson,-4.01,4.7
750,90,37,54.32,Prince Rupert,55.4,20.8
751,76,88,-33.7,Chuy,66.0,11.65
752,44,90,3.87,Inirida,75.76,2.48
753,20,30,33.28,Muroto,53.6,10.29
754,44,87,-38.27,Codrington,64.02,14.61
755,80,77,69.41,Dudinka,9.61,19.15
756,68,70,-33.65,Busselton,79.32,3.87
757,68,97,-0.22,Boende,72.34,3.04
758,0,100,-0.74,Puerto Ayora,71.13,7.74
759,20,82,-33.93,Cape Town,64.4,25.28
760,8,70,56.12,Vikhorevka,-2.21,2.24
761,0,30,-42.88,Hobart,71.6,23.04
762,90,63,42.65,Albany,28.4,2.53
763,0,37,-29.66,Springbok,77.52,4.21
764,90,76,-45.58,Coihaique,48.96,4.7
765,92,100,-23.12,Rikitea,75.31,12.1
766,44,85,55.68,Vengerovo,12.63,12.93
767,76,85,53.94,Mnogovershinnyy,4.62,2.53
768,92,100,-23.12,Rikitea,75.31,12.1
769,90,65,-54.8,Ushuaia,44.6,25.28
770,44,84,69.7,Pevek,9.66,10.92
771,0,52,58.0,Ust-Ilimsk,-4.21,3.71
772,44,81,54.77,Flin Flon,7.86,2.48
773,90,63,42.65,Albany,28.4,2.53
774,92,100,65.61,Tasiilaq,27.34,17.85
775,0,30,-42.88,Hobart,71.6,23.04
776,75,88,-25.97,Maputo,69.8,3.36
777,0,100,64.38,Provideniya,21.18,19.71
778,8,56,-34.58,Flinders,73.4,16.11
779,76,87,66.32,Egvekinot,15.6,6.89
780,20,83,13.22,Bathsheba,78.8,16.11
781,0,100,64.38,Provideniya,21.18,19.71
782,68,65,67.45,Srednekolymsk,-8.21,3.6
783,75,100,42.78,Muros,48.2,1.12
784,64,65,61.67,Baykit,-4.61,3.76
785,0,80,-53.15,Punta Arenas,41.0,21.92
786,92,100,-23.12,Rikitea,75.31,12.1
787,56,77,-34.53,Bredasdorp,68.0,8.05
788,0,100,64.38,Provideniya,21.18,19.71
789,0,83,-25.4,Taltal,49.8,1.03
790,44,65,-19.06,Alofi,82.4,5.82
791,0,77,-33.92,Port Elizabeth,66.2,32.21
792,32,100,-37.62,Lebu,53.31,17.92
793,0,62,-33.46,Santiago,59.0,8.05
794,88,88,-34.42,Hermanus,63.34,6.55
795,64,100,-21.2,Vaini,77.16,20.6
796,90,83,55.74,Thompson,-4.01,4.7
797,80,88,-19.23,Tsumeb,65.14,10.54
798,88,88,-34.42,Hermanus,63.34,6.55
799,20,71,35.86,Dingli,57.2,8.05
800,92,100,-23.12,Rikitea,75.31,12.1
801,76,81,54.72,Chumikan,-8.57,8.9
802,0,77,-33.92,Port Elizabeth,66.2,32.21
803,90,93,57.79,Kodiak,39.2,10.29
804,0,30,-42.78,New Norfolk,71.6,23.04
805,90,65,-54.8,Ushuaia,44.6,25.28
806,0,75,-45.42,Te Anau,58.89,12.55
807,90,94,-21.21,Avarua,77.0,4.7
808,92,100,-23.12,Rikitea,75.31,12.1
809,90,63,42.65,Albany,28.4,2.53
810,20,86,-33.59,Port Alfred,69.78,23.67
811,76,91,77.48,Qaanaaq,24.42,11.81
812,0,30,-42.78,New Norfolk,71.6,23.04
813,0,53,33.23,Moba,43.95,1.59
814,20,50,17.49,Na Wa,77.7,6.93
815,0,80,-53.15,Punta Arenas,41.0,21.92
816,0,30,-42.78,New Norfolk,71.6,23.04
817,80,100,70.86,Berlevag,24.64,18.59
818,0,55,24.68,Mauganj,73.51,4.61
819,88,88,-34.42,Hermanus,63.34,6.55
820,90,76,57.05,Sitka,46.92,19.46
821,76,94,51.78,Lubsko,32.0,10.29
822,8,56,-34.58,Flinders,73.4,16.11
823,92,100,-23.12,Rikitea,75.31,12.1
824,44,93,-25.5,Mabopane,56.41,6.51
825,75,84,71.29,Barrow,-2.21,21.92
826,40,86,43.15,Mason City,28.69,13.87
827,75,94,21.28,Progreso,71.6,6.93
828,92,100,-23.12,Rikitea,75.31,12.1
829,68,70,-33.65,Busselton,79.32,3.87
830,40,73,42.1,Jamestown,20.61,10.29
831,64,69,70.63,Chokurdakh,-4.61,10.31
832,0,100,-33.02,East London,70.81,25.12
833,90,93,58.3,Juneau,45.61,18.34
834,92,100,-23.12,Rikitea,75.31,12.1
835,76,89,-4.27,El Alto,71.04,4.76
836,80,92,56.67,Aban,16.41,4.5
837,75,69,-0.53,Homa Bay,75.2,3.36
838,75,84,62.46,Yellowknife,8.6,9.17
839,90,65,-54.8,Ushuaia,44.6,25.28
840,92,51,69.22,Ilulissat,37.4,23.04
841,0,80,-53.15,Punta Arenas,41.0,21.92
842,40,79,78.22,Longyearbyen,28.4,8.05
843,56,100,-0.95,Padang,80.67,4.54
844,90,65,-54.8,Ushuaia,44.6,25.28
845,76,100,3.07,Butaritari,82.56,12.15
846,68,69,-35.1,Kaeo,68.97,10.09
847,56,100,-0.95,Padang,80.67,4.54
848,80,100,-0.72,Port-Gentil,77.97,0.51
849,90,85,70.47,Clyde River,10.4,16.11
850,76,100,3.07,Butaritari,82.56,12.15
851,24,100,-8.1,Gizo,85.26,6.85
852,56,94,-7.6,Itaueira,68.97,2.82
853,0,80,-53.15,Punta Arenas,41.0,21.92
854,20,88,18.35,Barahona,74.3,6.93
855,88,71,46.62,Saint-Georges,27.84,9.35
856,88,88,-34.42,Hermanus,63.34,6.55
857,20,82,-33.93,Cape Town,64.4,25.28
858,0,30,-42.88,Hobart,71.6,23.04
859,92,100,7.98,Eyl,73.65,16.28
860,92,100,65.61,Tasiilaq,27.34,17.85
861,0,80,-53.15,Punta Arenas,41.0,21.92
